tool name,link,class/type,Program,Have a manuscript?,Publication DOI,Have a DOI for the software itself?,Twitter,Youtube,Other media,,Instructions how to cite,Code repo,health_metrics,contact email,Documentation,type of data,year of 1st release,year of the most recent version/update,"development metrics (outside contributors) (given the age of the tool- are their new versions?, forum for requests?)",extensive contact/feedback,"software health metrics (unit testing, automation, code coverage stats)"
Galaxy,https://usegalaxy.org,Computing Web-based Platform,ITCR,PMID: 29790989,DOI: 10.1093/nar/gky379,,,,,,"Yes (Nucleic Acids Research, Volume 50, Issue W1, 5 July 2022, Pages W345–W351, doi:10.1093/nar/gkac247)",https://github.com/galaxyproject,CI with badge,No,Yes: Wide set of training materials,mixed,2006,2022,github; forum for request: https://help.galaxyproject.org,"https://help.galaxyproject.org; 
mailing lists; community hub; chat","Site statistics for 24h, 7 days, 30 days, all time"
3D Slicer,https://www.slicer.org,Computing Web-based Platform,ITCR,PMID: 22770690,DOI: 10.1016/j.mri.2012.05.001,,https://twitter.com/3DSlicerApp,,,,"Yes. Fedorov A., Beichel R., Kalpathy-Cramer J., Finet J., Fillion-Robin J-C., Pujol S., Bauer C., Jennings D., Fennessy F.M., Sonka M., Buatti J., Aylward S.R., Miller J.V., Pieper S., Kikinis R. 3D Slicer as an Image Computing Platform for the Quantitative Imaging Network. Magnetic Resonance Imaging. 2012 Nov;30(9):1323-41. PMID: 22770690. PMCID: PMC3466397.",https://github.com/Slicer/Slicer,CI but not badge,No,Yes: https://slicer.readthedocs.io/en/latest/,image analysis,2005,2022,"github: https://github.com/Slicer/Slicer;
Slicer forum; ","Slicer forum; 
online issue tracker is available here","Download statistics (1,163,169+ downloads in the last 10 years (203,382 in 2021)"
Cancer-Related Analysis of Variants Toolkit (CRAVAT),http://www.cravat.us/CRAVAT/ ,Computing Web-based Platform,ITCR,PMID: 29092935,DOI: 10.1158/0008-5472.CAN-17-0338,,https://twitter.com/intent/follow?original_referer=http%3A%2F%2Fwww.cravat.us%2F&ref_src=twsrc%5Etfw%7Ctwcamp%5Ebuttonembed%7Ctwterm%5Efollow%7Ctwgr%5EOpenCravat&screen_name=OpenCravat,,,,"Yes. Masica DL, Douville C, Tokheim C, Bhattacharya R, Kim R, Moad K, Ryan MC, Karchin R (2017) CRAVAT 4: Cancer-Related Analysis of Variants Toolkit. Cancer Res., 77(21):e35-e38",,NA, support@cravat.us,Yes: http://www.cravat.us/CRAVAT/help.jsp,Analysis of Variants,2012,2018,No,No,No
geWorkbench,http://wiki.c2b2.columbia.edu/workbench/index.php/Home,Computing Web-based Platform,CTD^2,PMID: 20511363,DOI: 10.1093/bioinformatics/btq282,,,,,,"Yes. Floratos A, Smith K, Ji Z, Watkinson J, Califano A. (2010). geWorkbench: an open source platform for integrative genomics. Bioinformatics 26(14):1779-80. Epub 2010 May 28.","https://github.com/geworkbench-group
(not working)",NA,No,Yes. http://wiki.c2b2.columbia.edu/workbench/index.php/Project_Documentation,genomics,2013,2016 (web page updated in 2022),No,implemented but not working,No
QIIME 2,https://qiime2.org,Computing Web-based Platform,ITCR,PMID: 31341288,DOI: 10.1038/s41587-019-0209-9,,,,,,"Yes. Bolyen E, Rideout JR, Dillon MR, Bokulich NA, Abnet CC, Al-Ghalith GA, Alexander H, Alm EJ, Arumugam M, Asnicar F, Bai Y, Bisanz JE, Bittinger K, Brejnrod A, Brislawn CJ, Brown CT, Callahan BJ, Caraballo-Rodríguez AM, Chase J, Cope EK, Da Silva R, Diener C, Dorrestein PC, Douglas GM, Durall DM, Duvallet C, Edwardson CF, Ernst M, Estaki M, Fouquier J, Gauglitz JM, Gibbons SM, Gibson DL, Gonzalez A, Gorlick K, Guo J, Hillmann B, Holmes S, Holste H, Huttenhower C, Huttley GA, Janssen S, Jarmusch AK, Jiang L, Kaehler BD, Kang KB, Keefe CR, Keim P, Kelley ST, Knights D, Koester I, Kosciolek T, Kreps J, Langille MGI, Lee J, Ley R, Liu YX, Loftfield E, Lozupone C, Maher M, Marotz C, Martin BD, McDonald D, McIver LJ, Melnik AV, Metcalf JL, Morgan SC, Morton JT, Naimey AT, Navas-Molina JA, Nothias LF, Orchanian SB, Pearson T, Peoples SL, Petras D, Preuss ML, Pruesse E, Rasmussen LB, Rivers A, Robeson MS, Rosenthal P, Segata N, Shaffer M, Shiffer A, Sinha R, Song SJ, Spear JR, Swafford AD, Thompson LR, Torres PJ, Trinh P, Tripathi A, Turnbaugh PJ, Ul-Hasan S, van der Hooft JJJ, Vargas F, Vázquez-Baeza Y, Vogtmann E, von Hippel M, Walters W, Wan Y, Wang M, Warren J, Weber KC, Williamson CHD, Willis AD, Xu ZZ, Zaneveld JR, Zhang Y, Zhu Q, Knight R, and Caporaso JG. 2019. Reproducible, interactive, scalable and extensible microbiome data science using QIIME 2. Nature Biotechnology 37: 852–857. https://doi.org/10.1038/s41587-019-0209-9 ",https://github.com/qiime2,CI with badge,No,"Workshops: https://workshops.qiime2.org/
Documentation: https://docs.qiime2.org/2022.8/",microbiome sequence analysis,2016,2021,github: https://github.com/qiime2,https://forum.qiime2.org/,No
cBioPortal,https://www.cbioportal.org/,Web-based tool,ITCR/CTD^2,PMID: 22588877,DOI: 10.1158/2159-8290.CD-12-0095,,https://twitter.com/cbioportal,,,,"Yes. Please cite: Cerami et al., 2012 & Gao et al., 2013",https://github.com/cbioportal/cbioportal/,Test badges,cbioportal@googlegroups.com,"Tutorials: https://docs.cbioportal.org/user-guide/overview/
FAQ: https://docs.cbioportal.org/user-guide/faq/",mixed,2012,2022,github: https://github.com/cbioportal/cbioportal/,"GitHub forum: https://github.com/cbioportal/cbioportal/issues/
Google group: https://groups.google.com/g/cbioportal",Limited by number of installations: https://www.cbioportal.org/installations
UCSC Xena,http://xena.ucsc.edu,Web-based tool,ITCR,PMID: 32444850,DOI: 10.1038/s41587-020-0546-8,,https://twitter.com/UCSCXena?ref_src=twsrc%5Etfw%7Ctwcamp%5Eembeddedtimeline%7Ctwterm%5Escreen-name%3AUCSCXena%7Ctwcon%5Es1_c13,,,,"Yes. Goldman, M.J., Craft, B., Hastie, M. et al. Visualizing and interpreting cancer genomics data via the Xena platform. Nat Biotechnol (2020). https://doi.org/10.1038/s41587-020-0546-8",https://github.com/ucscXena,Not for core software,genome-cancer@soe.ucsc.edu,User guide: https://ucsc-xena.gitbook.io/ux-resource-for-ucsc-genomics-institute/,mixed,2016,2022,github: https://github.com/ucscXena,Google Xena forum: https://groups.google.com/g/ucsc-cancer-genomics-browser,No
DepMap portal,https://depmap.org,Web-based tool,ITCR/CTD^2,PMID: 28753430,DOI: 10.1016/j.cell.2017.06.010,,https://twitter.com/CancerDepMap,,,,"Multiple publications are listed, but it's unclear which paper(s) should be cited",No,NA,depmap@broadinstitute.org,Yes. https://depmap.org/portal/documentation/,mixed,2017,2022,No,DepMap forum: https://forum.depmap.org/,No
The Cancer Proteome Atlas (TCPA),https://tcpaportal.org,Web-based tool,ITCR/CTD^2,PMID: 24037243,DOI: 10.1038/nmeth.2650,,,,,,"Yes. Li J, Lu Y, Akbani R, Ju Z, Roebuck PL, Liu W, Yang J-Y, Broom BM, Verhaak RGW, Kane DW, Wakefield C, Weinstein JN, Mills GB, Liang H. (2013). TCPA: A Resource for Cancer Functional Proteomics Data. Nature Methods 10(11), 1046-1047 http://dx.doi.org/10.1038/nmeth.2650",No,NA,tcpa_info@mdanderson.org,"General description: https://tcpaportal.org/about.html
Video tutorials: https://tcpaportal.org/tutorials.html",mostly proteomics ,2013,2022,No,A forum was implemented but not working,No
OncoPPi Portal,https://oncoppi.emory.edu/,Web-based tool,CTD^2,PMID: 29186335,DOI: 10.1093/bioinformatics/btx743,,,,,,"Yes. Ivanov, A.A. Explore Protein-Protein Interactions for Cancer Target Discovery Using the OncoPPi Portal. Methods Mol Biol. 2020, 2074, 145-164.",No,NA,andrey.ivanov@emory.edu,https://oncoppi.emory.edu/index.php?navigation=user_guides&location=user_guides#content1,protein-protein interaction networks,2018,2020,No,No,No
JBrowse,https://jbrowse.org/jb2/,Web-based tool,ITCR,https://www.biorxiv.org/content/10.1101/2022.07.28.501447v1,doi: https://doi.org/10.1101/2022.07.28.501447,,https://twitter.com/usejbrowse,,https://gitter.im/GMOD/jbrowse2,,Yes. JBrowse 2: A modular genome browser with views of synteny and structural variation (2022). bioRxiv. https://doi.org/10.1101/2022.07.28.501447,https://github.com/GMOD/jbrowse-components,CI and coverage badges,gmod-ajax@lists.sourceforge.net,https://jbrowse.org/jb2/docs/,genomics,2009,2022,github: https://github.com/GMOD/jbrowse-components,"https://github.com/GMOD/jbrowse-components/discussions
https://gitter.im/GMOD/jbrowse2",No
PhenStat,https://www.bioconductor.org/packages/release/bioc/html/PhenStat.html,Bioconductor R packages,ITCR,PMID: 26147094,DOI: 10.1371/journal.pone.0131274,,,,,,"Yes. Kurbatova N, Karp N, Mason J, Haselimashhadi H (2022). PhenStat: Statistical analysis of phenotypic data. R package version 2.34.0.",https://www.bioconductor.org/packages/release/bioc/html/PhenStat.html,?,hamedhm@ebi.ac.uk,https://www.bioconductor.org/packages/release/bioc/manuals/PhenStat/man/PhenStat.pdf,phenotypic associations,2017,2022,Bioconductor stats: http://bioconductor.org/checkResults/release/bioc-LATEST/PhenStat/,No,Download stats: http://bioconductor.org/packages/stats/bioc/PhenStat/
Bioconductor,https://www.bioconductor.org/,Bioconductor R packages,ITCR,PMID: 25633503,DOI: 10.1038/nmeth.3252,DOI: 10.18129/B9.bioc.PhenStat,https://twitter.com/Bioconductor/status/1593623086053527552?ref_src=twsrc%5Etfw%7Ctwcamp%5Eembeddedtimeline%7Ctwterm%5Escreen-name%3ABioconductor%7Ctwcon%5Es1,,,,"Yes. Huber et al., 2015 Nature Methods 12:115-121 and Gentleman et al., 2004 Genome Biology 5:R80",https://www.bioconductor.org/checkResults/,Yes,,https://www.bioconductor.org/help/,mixed,2001,2022,"https://bioconductor.org/developers/gitlog/
https://www.bioconductor.org/developers/",https://support.bioconductor.org/,Annual reports: https://www.bioconductor.org/about/annual-reports/
Enhancer Linking by Methylation/Expression Relationships (ELMER),http://bioconductor.org/packages/release/bioc/html/ELMER.html,Bioconductor R packages,ITCR,PMID: 30364927,DOI: 10.1093/bioinformatics/bty902,DOI: 10.18129/B9.bioc.ELMER,,,,,"Yes. Silva TC, Coetzee SG, Gull N, Yao L, Hazelett DJ, Noushmehr H, Lin D, Berman BP (2018). “ELMER v.2: An R/Bioconductor package to reconstruct gene regulatory networks from DNA methylation and transcriptome profiles.” Bioinformatics. doi: 10.1093/bioinformatics/bty902. ",https://github.com/tiagochst/ELMER,No,tiagochst@usp.br,Yes. http://bioconductor.org/packages/release/bioc/html/ELMER.html,DNA methylation and gene expression,2015,2022,Bioconductor stats: http://bioconductor.org/packages/release/bioc/html/ELMER.html,No,Download stats: http://bioconductor.org/packages/stats/bioc/ELMER/
Driver-gene Inference by Genetical-Genomics and Information Theory (DIGGIT),https://www.bioconductor.org/packages/release/bioc/html/diggit.html,Bioconductor R packages,CTD^2,PMID: 26338767,DOI: 10.1093/bioinformatics/btv499,DOI: 10.18129/B9.bioc.diggit,,,,,No,https://www.bioconductor.org/packages/release/bioc/html/diggit.html and https://github.com/CSB5/OncoIMPACT?,No,reef103@gmail.com,Yes. https://www.bioconductor.org/packages/release/bioc/vignettes/diggit/inst/doc/diggit.pdf,genomics,2015,2022,Bioconductor stats: https://www.bioconductor.org/packages/release/bioc/html/diggit.html,No,Download stats: http://bioconductor.org/packages/stats/bioc/diggit/
MethylMix,https://bioconductor.org/packages/release/bioc/html/MethylMix.html,Bioconductor R packages,CTD^2,PMID: 25609794,DOI: 10.1093/bioinformatics/btv020,DOI: 10.18129/B9.bioc.MethylMix,,,,,Gevaert O (2022). MethylMix: MethylMix: Identifying methylation driven cancer genes. R package version 2.28.0.,https://bioconductor.org/packages/release/bioc/html/MethylMix.html and https://github.com/gevaertlab/MethylMix,yes build,olivier.gevaert@gmail.com,Yes. https://bioconductor.org/packages/release/bioc/vignettes/MethylMix/inst/doc/vignettes.html,methylation,2014,2022,Bioconductor stats: https://bioconductor.org/packages/release/bioc/html/MethylMix.html,No,Download stats: http://bioconductor.org/packages/stats/bioc/MethylMix/
VIPER,https://califano.c2b2.columbia.edu/viper,Bioconductor R packages,CTD^2,PMID: 27322546,DOI: 10.1038/ng.3593,DOI: 10.18129/B9.bioc.viper,,,,,"Yes. Alvarez MJ, Shen Y, Giorgi FM, Lachmann A, Ding BB, Ye BH, Califano A (2016). “Functional characterization of somatic mutations in cancer using network-based inference of protein activity.” Nature genetics, 48(8), 838–47. ",https://www.bioconductor.org/packages/release/bioc/html/viper.html (https://github.com/Rbbt-Workflows/Viper),on bioconductor only,reef103@gmail.com,"Yes. https://www.bioconductor.org/packages/release/bioc/vignettes/viper/inst/doc/viper.pdf
https://www.bioconductor.org/packages/release/bioc/manuals/viper/man/viper.pdf",genomics,2014,2022,Bioconductor stats: https://www.bioconductor.org/packages/release/bioc/html/viper.html,No,Download stats: http://bioconductor.org/packages/stats/bioc/viper/
AMARETTO,https://bioconductor.org/packages/release/bioc/html/AMARETTO.html,Bioconductor R packages,ITCR,PMID: 24511378,DOI: 10.1098/rsfs.2013.0013,DOI: 10.18129/B9.bioc.AMARETTO,,,,,"Yes. Shinde J, Everaert C, Bakr S, Nabian M, Xu J, Carey V, Pochet N, Gevaert O (2022). AMARETTO: Regulatory Network Inference and Driver Gene Evaluation using Integrative Multi-Omics Analysis and Penalized Regression. R package version 1.13.0. ",https://bioconductor.org/packages/release/bioc/html/AMARETTO.html,on bioconductor only,olivier.gevaert@gmail.com,"https://bioconductor.org/packages/release/bioc/vignettes/AMARETTO/inst/doc/amaretto.html
https://bioconductor.org/packages/release/bioc/manuals/AMARETTO/man/AMARETTO.pdf",mixed,2019,2022,Bioconductor stats: https://bioconductor.org/packages/release/bioc/html/AMARETTO.html,No,Download stats: http://bioconductor.org/packages/stats/bioc/AMARETTO/
Cores Of Recurrent Events (CORE),https://rdrr.io/cran/CORE/,other R packages,ITCR,PMID: 23744040,DOI: 10.1073/pnas.1306909110,,,,,,No,https://rdrr.io/cran/CORE/,No,guolisun87@gmail.com,https://rdrr.io/cran/CORE/man/CORE.html,genomics,2013,2022,No,No,No
MethCon5,https://cran.r-project.org/web/packages/methcon5/index.html,other R packages,ITCR,PMID: 32078366,DOI: 10.1200/CCI.19.00109,,,,,,No,https://cran.r-project.org/web/packages/methcon5/index.html,unknown status,emilhhvitfeldt@gmail.com,https://cran.r-project.org/web/packages/methcon5/methcon5.pdf,,2019,2022,No,No,No
Integrative Genomics Robust iDentification of cancer subgroups (InGRiD),https://dongjunchung.github.io/INGRID/,other R packages,ITCR,PMID: 29336210,DOI: 10.1177/0962280217752980,DOI: 10.5281/zenodo.3687186,,https://www.youtube.com/watch?v=pAsDKxbOv0c,,,No,https://dongjunchung.github.io/INGRID/,No,No,very limited,genomics,2020,2020,github: https://github.com/dongjunchung/INGRID/graphs/contributors,No,No
DANA,https://github.com/LXQin/DANA,other R packages,ITCR,https://arxiv.org/abs/2201.05055,https://doi.org/10.48550/arXiv.2201.05055,,,,,,No,https://github.com/LXQin/DANA,No,No,limited,genomics,2022,2022,github: https://github.com/LXQin/DANA,No,No
PRECISION.seq,https://github.com/LXQin/PRECISION.seq,other R packages,ITCR,PMID: 32598180,DOI: 10.1200/CCI.19.00118,,,,,,No,https://github.com/LXQin/PRECISION.seq,No,No,https://lxqin.github.io/PRECISION.seq/articles/Intro_Data.html,genomics,2020,2021,github: https://github.com/LXQin/PRECISION.seq,No,No
Gene Pattern Notebook,notebook.genepattern.org,Python scripts/Jupyter notebooks,ITCR,PMID: 28822753,DOI: 10.1016/j.cels.2017.07.003,,https://twitter.com/GenePattern/status/1590030052875735040?ref_src=twsrc%5Etfw%7Ctwcamp%5Eembeddedtimeline%7Ctwterm%5Escreen-name%3AGenePattern%7Ctwcon%5Es1,https://www.youtube.com/watch?v=8npzyGLpUHU,,,Yes. Reich et al. The GenePattern Notebook Environment. Cell Systems. 2017(5):149-51 ,https://github.com/genepattern?q=notebook,Yes build,,"Yes. Extensive documentation and tutorials.
https://notebook.genepattern.org/docs/
https://notebook.genepattern.org/tutorial-videos/",mixed,2006 - strat of the Gene Pattern; I belive 2017 is the beginning of Gene pattern Notebook,2022,github: https://github.com/genepattern?q=notebook,https://groups.google.com/g/genepattern-help,No
AmpliconReconstructor (AR),https://github.com/jluebeck/AmpliconReconstructor,Python scripts/Jupyter notebooks,ITCR,PMID: 32873787,DOI: 10.1038/s41467-020-18099-z,,,,,,"Yes. Luebeck et al., ""AmpliconReconstructor integrates NGS and optical mapping to resolve the complex structures of focal amplifications"", Nature Communications, 2020.",https://github.com/jluebeck/AmpliconReconstructor,No,No,https://github.com/jluebeck/AmpliconReconstructor/blob/master/README.md,genomics,2020,2022,github: https://github.com/jluebeck/AmpliconReconstructor,No,No
AmpliconArchitect (AA),https://github.com/virajbdeshpande/AmpliconArchitect,Python scripts/Jupyter notebooks,ITCR,PMID: 30674876,DOI: 10.1038/s41467-018-08200-y,,,,,,"Yes. Deshpande, V. et al. Exploring the landscape of focal amplifications in cancer using AmpliconArchitect. Nat. Commun. 10, 392 (2019). (Article)",https://github.com/virajbdeshpande/AmpliconArchitect,,No,https://github.com/virajbdeshpande/AmpliconArchitect#readme,genomics,2019,2022,github: https://github.com/virajbdeshpande/AmpliconArchitect,No,No
HistoQC,https://github.com/choosehappy/HistoQC,Python scripts/Jupyter notebooks,ITCR,PMID: 30990737,DOI: 10.1200/CCI.18.00157,,,,,,"Yes. ""HistoQC: An Open-Source Quality Control Tool for Digital Pathology Slides"", Janowczyk A., Zuo R., Gilmore H., Feldman M., Madabhushi A., JCO Clinical Cancer Informatics, 2019",https://github.com/choosehappy/HistoQC,No,No,"https://github.com/choosehappy/HistoQC#readme
https://github.com/choosehappy/HistoQC/wiki",digital pathology slides,2019,2022,github: https://github.com/choosehappy/HistoQC,No,No
IGV-notebook,https://github.com/igvteam/igv-notebook,Python scripts/Jupyter notebooks,ITCR,https://www.biorxiv.org/content/10.1101/2020.05.03.075499v1,doi: https://doi.org/10.1101/2020.05.03.075499,,,,,,No,https://github.com/igvteam/igv-notebook,No,No,https://github.com/igvteam/igv-notebook#readme,genomics,2022,2022,github: https://github.com/igvteam/igv-notebook#readme,No,No
GSEA,http://www.gsea-msigdb.org/gsea/index.jsp,Desktop Application,ITCR,PMID: 12808457,DOI: 10.1038/ng1180,,https://twitter.com/intent/follow?original_referer=http%3A%2F%2Fwww.gsea-msigdb.org%2F&ref_src=twsrc%5Etfw%7Ctwcamp%5Ebuttonembed%7Ctwterm%5Efollow%7Ctwgr%5EGSEA_MSigDB&screen_name=GSEA_MSigDB,,,,"Yes.  Subramanian, Tamayo, et al. (2005, PNAS) and Mootha, Lindgren, et al. (2003, Nature Genetics).",R version is available here: https://www.gsea-msigdb.org/gsea/downloads_archive.jsp,no,"gsea-team@broadinstitute.org
genesets@broadinstitute.org","https://software.broadinstitute.org/cancer/software/gsea/wiki/index.php/Main_Page
http://www.gsea-msigdb.org/gsea/doc/GSEAUserGuideFrame.html","genomic, phenotypic",2003,2022,No,https://groups.google.com/g/gsea-help,No
Cytoscape,https://cytoscape.org,Desktop Application,ITCR/CTD^2,PMID: 14597658,DOI: 10.1101/gr.1239303,,https://twitter.com/cytoscape/status/1592019597057617920?ref_src=twsrc%5Etfw%7Ctwcamp%5Eembeddedtimeline%7Ctwterm%5Escreen-name%3Acytoscape%7Ctwcon%5Es1,https://www.youtube.com/watch?v=_nbqSe4Zaps&t=3s,,,"Yes.  Shannon P, Markiel A, Ozier O, Baliga NS, Wang JT, Ramage D, Amin N, Schwikowski B, Ideker T.
Cytoscape: a software environment for integrated models of biomolecular interaction networks

Genome Research 2003 Nov; 13(11):2498-504 ",https://github.com/cytoscape/cytoscape,travis but no badge,,"Lots of documentation, including manual, tutorials, video demos, links for developers, etc
https://cytoscape.org/documentation_users.html",,,,github: https://github.com/cytoscape/cytoscape,Bug report form: https://cytoscape.org/bug-report.html,No
Pathology Imaging Informatics Platform (PIIP),http://pathiip.org/,Desktop Application,ITCR,PMID: 29092947,DOI: 10.1158/0008-5472.CAN-17-0323,,,,,,Many publications are listed. It's unclear how to cite.,No,NA,No,Limited,digital pathology slides,2016,2020,No,There is a forum with no posts: http://pathiip.org/?q=forum,No
Trinity,https://github.com/trinityrnaseq/trinityrnaseq/wiki,Desktop Application,ITCR,PMID: 21572440,DOI: 10.1038/nbt.1883,,,,,,"Yes. Grabherr MG, Haas BJ, Yassour M, Levin JZ, Thompson DA, Amit I, Adiconis X, Fan L, Raychowdhury R, Zeng Q, Chen Z, Mauceli E, Hacohen N, Gnirke A, Rhind N, di Palma F, Birren BW, Nusbaum C, Lindblad-Toh K, Friedman N, Regev A. Full-length transcriptome assembly from RNA-seq data without a reference genome. Nat Biotechnol. 2011 May 15;29(7):644-52. doi: 10.1038/nbt.1883. PubMed PMID: 21572440.",https://github.com/trinityrnaseq/trinityrnaseq,unknown status badge,,https://github.com/trinityrnaseq/trinityrnaseq/wiki,genomics,2011,2022,github: https://github.com/trinityrnaseq/trinityrnaseq,https://groups.google.com/g/trinityrnaseq-users,No
Text Information Extraction System (TIES),https://sourceforge.net/projects/caties/,Desktop Application,ITCR,PMID: 29416911,DOI: 10.4103/jpi.jpi_55_17,,,,,,No,https://sourceforge.net/p/caties/code/HEAD/tree/,No,No,,clinical text,2007,"this software and forum are no longer maintained, as of 8/15/2019",No,https://sourceforge.net/p/caties/discussion/,"SourceForge statistics
Code commit log https://sourceforge.net/p/caties/code/2512/log/?path="
OncoMX,https://www.oncomx.org,Database/Ontology,ITCR,PMID: 32142370,DOI: 10.1200/CCI.19.00117,,,,,,"Yes. Hayley M. Dingerdissen, Frederic Bastian, K. Vijay-Shanker, Marc Robinson-Rechavi, Amanda Bell, Nikhita Gogate, Samir Gupta, Evan Holmes, Robel Kahsay, Jonathon Keeney, Heather Kincaid, Charles Hadley King, David Liu, Daniel J. Crichton, and Raja Mazumder. OncoMX: A Knowledgebase for Exploring Cancer Biomarkers in the Context of Related Cancer and Healthy Data. JCO Clin Cancer Inform. 2020 :4, 210-220. PMID: 32142370. https://ascopubs.org/doi/full/10.1200/CCI.19.00117",No,NA,Contuct Us form,"https://www.oncomx.org/faq?fq=/static/docs/README.1.0.26.txt
video tutorials, PDF help
",genomics,2020,unknown,No,Contuct Us form,No
Molecular Signatures Database (MSigDB),https://www.gsea-msigdb.org/gsea/msigdb/,Database/Ontology,ITCR,PMID: 21546393,DOI: 10.1093/bioinformatics/btr260,,https://twitter.com/intent/follow?original_referer=https%3A%2F%2Fwww.gsea-msigdb.org%2F&ref_src=twsrc%5Etfw%7Ctwcamp%5Ebuttonembed%7Ctwterm%5Efollow%7Ctwgr%5EGSEA_MSigDB&screen_name=GSEA_MSigDB,,,,"Yes. Subramanian, Tamayo, et al. (2005, PNAS) and one or more of the following as appropriate: Liberzon, et al. (2011, Bioinformatics), Liberzon, et al. (2015, Cell Systems)",No,NA,genesets@broadinstitute.org,https://www.gsea-msigdb.org/gsea/msigdb/human/collections.jsp,Gene sets,2005,2022,No,https://groups.google.com/g/gsea-help,No
Pathway Commons,https://www.pathwaycommons.org,Database/Ontology,CTD^2,PMID: 31647099,DOI: 10.1093/nar/gkz946,,https://twitter.com/pathwaycommons,,,,"Pathway Commons 2019 Update. Nucleic Acids Res (2019)
Author-sourced pathway capture using Biofactoid. eLife (2021)",https://github.com/pathwaycommons/,Yes,,https://www.pathwaycommons.org/guide/,Gene sets,2011,2021,github: https://github.com/pathwaycommons/,"https://groups.google.com/g/pathway-commons-help
https://groups.google.com/g/pathway-commons-announcements",No
"Patient-Derived Xenograft (PDX) Finder 
It's now PDCMFinder https://www.cancermodels.org/","https://www.pdxfinder.org
https://www.cancermodels.org/",Database/Ontology,ITCR,PMID: 30535239,DOI: 10.1093/nar/gky984,,,,,,PDXFinder ref is provided: https://pubmed.ncbi.nlm.nih.gov/30535239/,https://github.com/PDCMFinder/pdxfinder,unknown status badge,"Contact form
helpdesk@cancermodels.org",Limited,cancer models,2017,2022,No,Contact form,No
Personalized Cancer Therapy,https://pct.mdanderson.org,Database/Ontology,ITCR,PMID: 29212833,DOI: 10.1101/mcs.a001578,,,,,,No,No,NA,No,https://pct.mdanderson.org/#/about/knowledge-base-generation,mixed,Unknown,2015,No,No,No
rDriver,https://bioinformatics.mdanderson.org/public-software/rdriver/,Command-line tool/Other scripts,CTD^2,PMID: 29738578,DOI: 10.1371/journal.pone.0196939,,,,,,"Yes.  	Wang, Ng, Chen, et al. Cancer driver mutation prediction through Bayesian integration of multi-omic data, PLoS One. 2018; 13(5): e0196939. https://doi.org/10.1371/journal.pone.0196939",https://bioinformatics.mdanderson.org/public-software/rdriver/,No,kchen3@mdanderson.org,Included as part of the package,multi-omics,Unknown,2017,No,No,No
dcmqi: DICOM for Quantitative Imaging,https://github.com/qiicr/dcmqi,Command-line tool/Other scripts,ITCR,PMID: 27257542,DOI: 10.7717/peerj.2057,,,,,,"Yes. Fedorov A, Clunie D, Ulrich E, Bauer C, Wahle A, Brown B, Onken M, Riesmeier J, Pieper S, Kikinis R, Buatti J, Beichel RR. (2016) DICOM for quantitative imaging biomarker development: a standards based approach to sharing clinical data and structured PET/CT analysis results in head and neck cancer research. PeerJ 4:e2057 https://doi.org/10.7717/peerj.2057",https://github.com/qiicr/dcmqi,Yes coverage and build,No,https://qiicr.gitbook.io/dcmqi-guide/,Imaging,2017,2022,github: https://github.com/qiicr/dcmqi,Google group is not working: https://groups.google.com/forum/#!forum/dcmqi,No
Lancet,https://github.com/nygenome/lancet,Command-line tool/Other scripts,ITCR,PMID: 30271907,DOI: 10.1038/s42003-018-0023-9,,,,,,"Yes. Narzisi G, Corvelo A, Arora K, Bergmann E, Shah M, Musunuri R, Emde AK, Robine N, Vacic V, Zody MC. Genome-wide somatic variant calling using localized colored de Bruijn graphs. Communications Biology, Nature Research publishing, volume 1, Article number: 20, 2018 (DOI:10.1038/s42003-018-0023-9).",https://github.com/nygenome/lancet,No,No,https://github.com/nygenome/lancet#readme,mutation analysis,2018,2022,github:https://github.com/nygenome/lancet,No,No
owl-qa,https://github.com/caCDE-QA/owl-qa,Command-line tool/Other scripts,ITCR,PMID: 26958201,NO DOI,,,,,,"Yes. Jiang G, Solbrig HR, Prud'hommeaux E, Tao C, Weng C, Chute CG. Quality Assurance of Cancer Study Common Data Elements Using A Post-Coordination Approach. AMIA Annu Symp Proc. 2015 Nov 5;2015:659-68. eCollection 2015. http://www.ncbi.nlm.nih.gov/pubmed/26958201",https://github.com/caCDE-QA/owl-qa,No,No,https://github.com/caCDE-QA/owl-qa#readme,mixed,2015,2015,github: https://github.com/caCDE-QA/owl-qa,No,No
PETCT_Slicer_Extension,https://github.com/IOWA-PETCT-COSEG/PETCT_Slicer_Extension,Plug-in/Extension,ITCR,PMID: 23693127,DOI: 10.1109/TMI.2013.2263388,,,,,,"Yes. This code is developed and tested under Ubuntu16 and 3D Slicer 4.6.2 linux release. For detailed information of the algorithm, please refer to Song, Q., Bai, J., Han, D., Bhatia, S., Sun, W., Rockey, W., ... & Wu, X. (2013). Optimal co-segmentation of tumor in PET-CT images with context information. IEEE transactions on medical imaging, 32(9), 1685-1697.",https://github.com/IOWA-PETCT-COSEG/PETCT_Slicer_Extension,No,No,No. Accompaning videos are available:  https://youtu.be/sRlCCZpK3oQ and https://github.com/IOWA-PETCT-COSEG/PETCT-COSEG-Video,PET/CT image analysis,2017,2017,github: https://github.com/IOWA-PETCT-COSEG/PETCT_Slicer_Extension,No,No
D2Refine,https://github.com/caCDE-QA/D2Refine,Plug-in/Extension,ITCR,PMID: 30045832,DOI: 10.2196/10205,,,,,,"Yes. Sharma DK, Solbrig HR, Prud'hommeaux E, Lee K, Pathak J, Jiang G. D2Refine: A Platform for Clinical Research Study Data Element Harmonization and Standardization. AMIA Jt Summits Transl Sci Proc. 2017 Jul 26;2017:259-267. eCollection 2017. PubMed
Sharma DK, Peterson KJ, Hong N, Jiang G. The D2Refine Platform for the Standardization of Clinical Research Study Data Dictionaries: Usability Study. JMIR Hum Factors. 2018 Jul 25;5(3):e10205. doi: 10.2196/10205. PubMed",https://github.com/caCDE-QA/D2Refine,No,No,"https://github.com/caCDE-QA/D2Refine/wiki
https://github.com/caCDE-QA/D2Refine#readme",clinical study metadata harmonization,2016,2019,github: https://github.com/caCDE-QA/D2Refine,No,No